County,county_name,household_income,residential_properties,res_properties_with_substantial_risk,properties_with_structural_damage_2020,pct_properties_with_structural_damage_2020,properties_with_structural_damage_2050,pct_properties_with_structural_damage_2050,change_in_properties_with_structural_damage,pct_change_in_properties_with_structural_damage,total_aal_2020,avg_aal_2020,capped_aal_2020,avg_capped_aal_2020,total_aal_2050,total_all_2050,avg_aal_2050,capped_aal_2050,avg_capped_aal_2050,change_in_total_all,pctChange_in_total_aal,change_in_avg_aal,change_in_capped_aal,pctChange_in_capped_aal,change_in_capped_avg_aal,total_avm,total_structure_svm,avg_avm,avg_structure_avm,total_avm_with_substantial_risk,total_structure_avm_with_substantial_risk,avg_avm_with_substantial_risk,avg_structure_avm_with_substantail_risk,pct_structure_avm_with_substantial_risk_2020,pct_structure_avm_with_substantial_risk_2050,pctChange_in_structure_avm_with_substaintial_risk,avg_nfip_premium_per_property_with_structural_damage,aal_to_nfip_ratio_in_pct_2020,aal_to_nfip_ratio_in_pct_2050,FIPS,Lat,Long,state
Adair County,"Adair County, Kentucky",38021,7123,423,200,2.80%,207,2.90%,7,3.50%,281000,1407,281000,1407,296000,296000,1480,296000,1480,15000,5.30%,73,15000,5.20%,73,779331000,670485000,109000,94000,25830000,22052000,129000,110000,1.30%,1.30%,5.20%,565,149%,162%,21001,37.106,-85.281,KY
Allen County,"Allen County, Kentucky",44036,5166,264,134,2.60%,137,2.70%,3,2.20%,160000,1192,160000,1192,168000,168000,1257,168000,1257,9000,5.40%,64,9000,5.40%,64,523951000,424489000,101000,82000,19104000,15334000,143000,114000,1.00%,1.10%,5.40%,592,102%,112%,21003,36.751,-86.192,KY
Anderson County,"Anderson County, Kentucky",55334,8956,652,302,3.40%,313,3.50%,11,3.60%,469000,1554,469000,1554,488000,488000,1616,488000,1616,19000,4.00%,62,19000,4.00%,62,1335567000,1024040000,149000,114000,53924000,39832000,179000,132000,1.20%,1.20%,4.00%,661,135%,145%,21005,38.005,-84.986,KY
Ballard County,"Ballard County, Kentucky",45048,2689,109,36,1.30%,41,1.50%,5,13.90%,30000,835,30000,835,31000,31000,866,31000,866,1000,3.90%,32,1000,3.80%,32,263470000,240786000,98000,90000,3650000,3349000,101000,93000,0.90%,0.90%,3.80%,855,-2%,1%,21007,37.051,-89.01,KY
Barren County,"Barren County, Kentucky",41459,15914,1317,778,4.90%,792,5.00%,14,1.80%,1324000,1701,1324000,1701,1369000,1369000,1760,1369000,1760,46000,3.50%,59,46000,3.50%,59,1911377000,1577374000,120000,99000,110324000,91996000,142000,118000,1.40%,1.50%,3.50%,520,227%,239%,21009,36.963,-85.932,KY
Bath County,"Bath County, Kentucky",44898,3584,491,238,6.60%,244,6.80%,6,2.50%,397000,1666,397000,1666,398000,398000,1673,398000,1673,2000,0.50%,7,2000,0.40%,7,335801000,280152000,94000,78000,29566000,24775000,124000,104000,1.60%,1.60%,0.40%,580,187%,189%,21011,38.152,-83.738,KY
Bell County,"Bell County, Kentucky",26272,,,0,,,,,,0,,0,,,,,,,,,,,,,,,,,,,,,,,,,,,21013,36.723,-83.681,KY
Boone County,"Boone County, Kentucky",78327,40966,2481,751,1.80%,775,1.90%,24,3.20%,940000,1252,940000,1252,1024000,1023000,1363,1023000,1363,84000,8.90%,111,83000,8.90%,111,7474588000,6271395000,182000,153000,162460000,131868000,216000,176000,0.70%,0.80%,8.90%,609,106%,124%,21015,38.975,-84.731,KY
Bourbon County,"Bourbon County, Kentucky",49637,6711,517,244,3.60%,248,3.70%,4,1.60%,341000,1396,341000,1396,350000,350000,1435,350000,1435,10000,2.80%,39,10000,2.80%,39,1124047000,798211000,167000,119000,46590000,35029000,191000,144000,1.00%,1.00%,2.80%,803,74%,79%,21017,38.203,-84.21,KY
Boyd County,"Boyd County, Kentucky",48308,18489,3497,2600,14.10%,2641,14.30%,41,1.60%,2978000,1145,2978000,1145,3155000,3155000,1213,3155000,1213,177000,5.90%,68,177000,5.90%,68,2155813000,2128251000,117000,115000,292654000,287583000,113000,111000,1.00%,1.10%,5.90%,638,80%,90%,21019,38.36,-82.681,KY
Boyle County,"Boyle County, Kentucky",46382,9142,946,487,5.30%,495,5.40%,8,1.60%,2529000,5194,2529000,5194,2570000,2570000,5277,2570000,5277,41000,1.60%,84,41000,1.60%,84,1449661000,1371450000,159000,150000,92594000,87075000,190000,179000,2.90%,3.00%,1.60%,616,743%,757%,21021,37.618,-84.868,KY
Bracken County,"Bracken County, Kentucky",49158,2966,432,400,13.50%,401,13.50%,1,0.30%,532000,1329,532000,1329,547000,547000,1367,547000,1367,15000,2.90%,38,15000,2.80%,38,343124000,258031000,116000,87000,46398000,29808000,116000,75000,1.80%,1.80%,2.80%,821,62%,66%,21023,38.68,-84.115,KY
Breathitt County,"Breathitt County, Kentucky",27344,1825,1118,1026,56.20%,1029,56.40%,3,0.30%,2915000,2842,2915000,2842,3043000,3043000,2966,3043000,2966,127000,4.40%,124,127000,4.40%,124,176464000,176406000,97000,97000,96937000,96897000,94000,94000,3.00%,3.10%,4.40%,581,389%,410%,21025,37.518,-83.317,KY
Breckinridge County,"Breckinridge County, Kentucky",47190,7730,340,194,2.50%,197,2.50%,3,1.50%,189000,976,189000,976,196000,196000,1009,196000,1009,7000,3.50%,34,7000,3.50%,34,1075303000,871031000,139000,113000,21443000,16799000,111000,87000,1.10%,1.20%,3.50%,635,54%,59%,21027,37.778,-86.433,KY
Bullitt County,"Bullitt County, Kentucky",63348,26927,1149,308,1.10%,316,1.20%,8,2.60%,307000,998,307000,998,317000,317000,1029,317000,1029,10000,3.20%,31,10000,3.10%,31,4403908000,3268140000,164000,121000,63560000,39324000,206000,128000,0.80%,0.80%,3.10%,619,61%,66%,21029,37.97,-85.703,KY
Butler County,"Butler County, Kentucky",41763,4071,240,102,2.50%,102,2.50%,0,0.00%,62000,603,62000,603,63000,63000,615,63000,615,1000,1.90%,12,1000,1.90%,12,461755000,376885000,113000,93000,12333000,10038000,121000,98000,0.60%,0.60%,1.90%,556,8.50%,10.60%,21031,37.207,-86.682,KY
Caldwell County,"Caldwell County, Kentucky",44775,4609,319,131,2.80%,136,3.00%,5,3.80%,115000,877,115000,877,118000,118000,899,118000,899,3000,2.50%,22,3000,2.50%,22,413615000,325502000,90000,71000,14830000,11704000,113000,89000,1.00%,1.00%,2.50%,565,55.20%,59.00%,21033,37.149,-87.871,KY
Calloway County,"Calloway County, Kentucky",42273,1409,95,61,4.30%,61,4.30%,0,0.00%,198000,3254,198000,3254,201000,201000,3302,201000,3302,3000,1.50%,48,3000,1.50%,48,208925000,167140000,148000,119000,12109000,9687000,199000,159000,2.00%,2.10%,1.50%,742,338.20%,344.80%,21035,36.621,-88.274,KY
Campbell County,"Campbell County, Kentucky",63050,25984,1864,1224,4.70%,1236,4.80%,12,1.00%,1430000,1169,1430000,1169,1564000,1564000,1278,1564000,1278,134000,9.40%,109,134000,9.30%,109,4265025000,3652255000,164000,141000,205410000,173000000,168000,141000,0.80%,0.90%,9.30%,782,49.50%,63.40%,21037,38.947,-84.38,KY
Carlisle County,"Carlisle County, Kentucky",45109,1910,122,39,2.00%,40,2.10%,1,2.60%,24000,625,24000,625,27000,27000,694,27000,694,3000,11.10%,69,3000,11.00%,69,271117000,216893000,142000,114000,4677000,3742000,120000,96000,0.70%,0.70%,11.00%,691,-9.60%,0.30%,21039,36.858,-88.976,KY
Carroll County,"Carroll County, Kentucky",43524,2936,610,510,17.40%,518,17.60%,8,1.60%,802000,1572,802000,1572,835000,835000,1637,835000,1637,33000,4.10%,65,33000,4.10%,65,362554000,304967000,123000,104000,63023000,51142000,124000,100000,1.60%,1.60%,4.10%,689,128.10%,137.60%,21041,38.668,-85.124,KY
Carter County,"Carter County, Kentucky",34736,7280,2422,1742,23.90%,1758,24.10%,16,0.90%,2822000,1620,2822000,1620,2927000,2926000,1680,2926000,1680,105000,3.70%,60,104000,3.70%,60,731036000,633037000,100000,87000,182005000,156445000,104000,90000,1.80%,1.90%,3.70%,597,171.30%,181.30%,21043,38.31,-83.049,KY
Casey County,"Casey County, Kentucky",34819,5029,494,284,5.60%,287,5.70%,3,1.10%,411000,1448,411000,1448,429000,429000,1512,429000,1512,18000,4.40%,64,18000,4.40%,64,512992000,342070000,102000,68000,36775000,27393000,129000,96000,1.50%,1.60%,4.40%,645,124.60%,134.50%,21045,37.322,-84.928,KY
Christian County,"Christian County, Kentucky",43919,19005,1078,499,2.60%,510,2.70%,11,2.20%,285000,572,285000,572,291000,291000,583,291000,583,6000,2.00%,11,6000,2.00%,11,2155090000,1724044000,113000,91000,73914000,59121000,148000,118000,0.50%,0.50%,2.00%,972,-41.20%,-40.00%,21047,36.892,-87.493,KY
Clark County,"Clark County, Kentucky",54953,12699,1248,536,4.20%,550,4.30%,14,2.60%,1126000,2102,1126000,2102,1157000,1157000,2159,1157000,2159,31000,2.80%,57,31000,2.70%,57,1861158000,1488926000,147000,117000,97673000,78139000,182000,146000,1.40%,1.50%,2.70%,707,197.40%,205.60%,21049,37.97,-84.145,KY
Clay County,"Clay County, Kentucky",26840,,,0,,,,,,0,,0,,,,,,,,,,,,,,,,,,,,,,,,,,,21051,37.157,-83.719,KY
Clinton County,"Clinton County, Kentucky",32184,,,0,,,,,,0,,0,,,,,,,,,,,,,,,,,,,,,,,,,,,21053,36.727,-85.136,KY
Crittenden County,"Crittenden County, Kentucky",45244,3854,227,106,2.80%,106,2.80%,0,0.00%,93000,881,93000,881,96000,96000,907,96000,907,3000,3.00%,26,3000,3.00%,26,359111000,286013000,93000,74000,11249000,8502000,106000,80000,1.10%,1.10%,3.00%,670,31.40%,35.30%,21055,37.358,-88.105,KY
Cumberland County,"Cumberland County, Kentucky",35344,,,0,,,,,,0,,0,,,,,,,,,,,,,,,,,,,,,,,,,,,21057,36.784,-85.394,KY
Daviess County,"Daviess County, Kentucky",51673,29747,1399,400,1.30%,435,1.50%,35,8.80%,100000,251,100000,251,114000,113000,283,113000,283,13000,13.40%,33,13000,13.00%,33,4015653000,3234383000,135000,109000,58726000,47189000,147000,118000,0.20%,0.20%,13.00%,738,-66.00%,-61.60%,21059,37.732,-87.087,KY
Edmonson County,"Edmonson County, Kentucky",43401,4782,317,145,3.00%,146,3.10%,1,0.70%,234000,1617,234000,1617,247000,247000,1705,247000,1705,13000,5.50%,89,13000,5.50%,89,479232000,404856000,100000,85000,16829000,14472000,116000,100000,1.60%,1.70%,5.50%,579,179.00%,194.30%,21061,37.228,-86.218,KY
Elliott County,"Elliott County, Kentucky",32306,187,52,40,21.40%,41,21.90%,1,2.50%,67000,1676,67000,1676,67000,66000,1662,66000,1662,-1000,-0.80%,-14,-1000,-0.80%,-14,17090000,14882000,91000,80000,3703000,3219000,93000,80000,2.10%,2.10%,-0.80%,578,190.20%,187.80%,21063,38.115,-83.097,KY
Estill County,"Estill County, Kentucky",31688,,,0,,,,,,0,,0,,,,,,,,,,,,,,,,,,,,,,,,,,,21065,37.692,-83.964,KY
Fayette County,"Fayette County, Kentucky",57291,96924,4636,641,0.70%,673,0.70%,32,5.00%,459000,717,459000,717,484000,483000,754,483000,754,24000,5.30%,37,24000,5.20%,37,18975095000,14859367000,196000,153000,180587000,141457000,282000,221000,0.30%,0.30%,5.20%,602,19.10%,25.30%,21067,38.041,-84.458,KY
Fleming County,"Fleming County, Kentucky",44612,5451,619,321,5.90%,330,6.10%,9,2.80%,438000,1366,438000,1366,459000,459000,1429,459000,1429,21000,4.70%,64,20000,4.70%,64,1279291000,955926000,235000,175000,41362000,30282000,129000,94000,1.40%,1.50%,4.70%,635,115.00%,125.00%,21069,38.368,-83.706,KY
Floyd County,"Floyd County, Kentucky",32730,6490,4315,3672,56.60%,3682,56.70%,10,0.30%,7572000,2062,7572000,2062,7822000,7821000,2130,7821000,2130,249000,3.30%,68,248000,3.30%,68,613308000,498316000,95000,77000,335367000,272621000,91000,74000,2.80%,2.90%,3.30%,629,228.10%,238.80%,21071,37.56,-82.743,KY
Franklin County,"Franklin County, Kentucky",56274,16226,1345,788,4.90%,813,5.00%,25,3.20%,1092000,1385,1092000,1385,1133000,1133000,1437,1133000,1437,41000,3.80%,52,41000,3.80%,52,2417818000,1987504000,149000,122000,130744000,105642000,166000,134000,1.00%,1.10%,3.80%,638,117.00%,125.20%,21073,38.235,-84.869,KY
Fulton County,"Fulton County, Kentucky",30114,2251,93,22,1.00%,22,1.00%,0,0.00%,9000,420,9000,420,9000,9000,428,9000,428,0,1.90%,8,0,1.90%,8,154770000,137132000,69000,61000,1384000,1234000,63000,56000,0.70%,0.80%,1.90%,565,-25.60%,-24.20%,21075,36.553,-89.188,KY
Gallatin County,"Gallatin County, Kentucky",52167,,,0,,,,,,0,,0,,,,,,,,,,,,,,,,,,,,,,,,,,,21077,38.76,-84.862,KY
Garrard County,"Garrard County, Kentucky",52631,5410,525,327,6.00%,333,6.20%,6,1.80%,1705000,5214,1705000,5214,1718000,1718000,5255,1718000,5255,13000,0.80%,40,13000,0.80%,40,715825000,552494000,132000,102000,54930000,41141000,168000,126000,4.10%,4.20%,0.80%,568,818.00%,825.10%,21079,37.63,-84.546,KY
Grant County,"Grant County, Kentucky",48714,6363,150,94,1.50%,95,1.50%,1,1.10%,174000,1853,174000,1853,177000,177000,1883,177000,1883,3000,1.60%,29,3000,1.60%,29,899653000,725075000,141000,114000,17353000,14017000,185000,149000,1.20%,1.30%,1.60%,513,261.40%,267.10%,21081,38.649,-84.626,KY
Graves County,"Graves County, Kentucky",44043,11205,593,201,1.80%,208,1.90%,7,3.50%,165000,820,165000,820,174000,174000,868,174000,868,10000,5.80%,47,10000,5.80%,47,1063487000,954879000,95000,85000,24439000,21765000,122000,108000,0.80%,0.80%,5.80%,707,16.00%,22.70%,21083,36.723,-88.65,KY
Grayson County,"Grayson County, Kentucky",38612,,,0,,,,,,0,,0,,,,,,,,,,,,,,,,,,,,,,,,,,,21085,37.459,-86.344,KY
Green County,"Green County, Kentucky",35899,3951,207,115,2.90%,118,3.00%,3,2.60%,118000,1024,118000,1024,126000,126000,1099,126000,1099,9000,7.40%,76,9000,7.40%,76,402592000,324289000,102000,82000,11526000,9314000,100000,81000,1.30%,1.40%,7.40%,579,76.90%,90.00%,21087,37.275,-85.578,KY
Greenup County,"Greenup County, Kentucky",51655,11816,3837,3261,27.60%,3275,27.70%,14,0.40%,3508000,1076,3508000,1076,3685000,3685000,1130,3685000,1130,177000,5.00%,54,177000,5.00%,54,1473629000,1156222000,125000,98000,406752000,314058000,125000,96000,1.10%,1.20%,5.00%,641,67.80%,76.30%,21089,38.564,-82.934,KY
Hancock County,"Hancock County, Kentucky",57217,2250,312,167,7.40%,173,7.70%,6,3.60%,62000,372,62000,372,66000,66000,397,66000,397,4000,6.80%,25,4000,6.70%,25,240772000,179894000,107000,80000,20694000,15455000,124000,93000,0.40%,0.40%,6.70%,818,-54.50%,-51.40%,21091,37.843,-86.793,KY
Hardin County,"Hardin County, Kentucky",54367,31561,1786,438,1.40%,461,1.50%,23,5.30%,229000,524,229000,524,241000,241000,550,241000,550,12000,5.20%,27,12000,5.10%,27,4703776000,3758366000,149000,119000,58308000,46531000,133000,106000,0.50%,0.50%,5.10%,740,-29.30%,-25.70%,21093,37.696,-85.963,KY
Harlan County,"Harlan County, Kentucky",26478,4304,2309,1965,45.70%,1983,46.10%,18,0.90%,3436000,1748,3436000,1748,3543000,3543000,1803,3543000,1803,108000,3.10%,55,107000,3.10%,55,360717000,293397000,84000,68000,134199000,109028000,68000,55000,3.20%,3.20%,3.10%,745,134.70%,142.00%,21095,36.859,-83.221,KY
Harrison County,"Harrison County, Kentucky",48438,4873,449,259,5.30%,261,5.40%,2,0.80%,301000,1161,301000,1161,308000,308000,1188,308000,1188,7000,2.30%,27,7000,2.30%,27,498258000,398592000,102000,82000,21764000,17410000,84000,67000,1.70%,1.80%,2.30%,872,33.20%,36.20%,21097,38.445,-84.334,KY
Hart County,"Hart County, Kentucky",38396,6585,687,463,7.00%,470,7.10%,7,1.50%,599000,1293,599000,1293,620000,620000,1339,620000,1339,21000,3.60%,46,21000,3.50%,46,749324000,613121000,114000,93000,55425000,46365000,120000,100000,1.30%,1.30%,3.50%,574,125.20%,133.10%,21099,37.32,-85.881,KY
Henderson County,"Henderson County, Kentucky",48926,14047,785,354,2.50%,361,2.60%,7,2.00%,236000,666,236000,666,244000,244000,689,244000,689,8000,3.50%,23,8000,3.40%,23,1666232000,1332986000,119000,95000,46217000,36973000,131000,104000,0.60%,0.70%,3.40%,789,-15.60%,-12.70%,21101,37.793,-87.573,KY
Henry County,"Henry County, Kentucky",53926,,,0,,,,,,0,,0,,,,,,,,,,,,,,,,,,,,,,,,,,,21103,38.451,-85.12,KY
Hickman County,"Hickman County, Kentucky",42929,1876,123,43,2.30%,44,2.30%,1,2.30%,21000,488,21000,488,23000,23000,537,23000,537,2000,10.00%,49,2000,10.00%,49,128024000,95093000,68000,51000,4049000,2856000,94000,66000,0.70%,0.80%,10.00%,729,-33.10%,-26.40%,21105,36.676,-88.972,KY
Hopkins County,"Hopkins County, Kentucky",47170,17464,1175,370,2.10%,397,2.30%,27,7.30%,132000,358,132000,358,145000,145000,391,145000,391,13000,9.50%,33,12000,9.30%,33,2099772000,1679818000,120000,96000,43686000,34949000,118000,94000,0.40%,0.40%,9.30%,674,-46.90%,-42.00%,21107,37.311,-87.542,KY
Jackson County,"Jackson County, Kentucky",32138,,,0,,,,,,0,,0,,,,,,,,,,,,,,,,,,,,,,,,,,,21109,37.403,-84.021,KY
Jefferson County,"Jefferson County, Kentucky",56586,230328,14576,3505,1.50%,3609,1.60%,104,3.00%,3427000,978,3427000,978,3563000,3561000,1016,3561000,1016,136000,4.00%,38,134000,3.90%,38,41255218000,32991214000,179000,143000,929632000,738423000,265000,211000,0.50%,0.50%,3.90%,693,41.00%,46.50%,21111,38.19,-85.658,KY
Jessamine County,"Jessamine County, Kentucky",58245,15774,1044,484,3.10%,513,3.30%,29,6.00%,755000,1559,755000,1559,771000,771000,1593,771000,1593,17000,2.20%,33,16000,2.10%,33,3316993000,2529625000,210000,160000,108705000,82072000,225000,170000,0.90%,0.90%,2.10%,678,129.90%,134.80%,21113,37.873,-84.584,KY
Johnson County,"Johnson County, Kentucky",37055,5458,3641,3193,58.50%,3201,58.60%,8,0.30%,10014000,3136,10014000,3136,10187000,10186000,3190,10186000,3190,173000,1.70%,54,173000,1.70%,54,584404000,482754000,107000,88000,350366000,291164000,110000,91000,3.40%,3.50%,1.70%,641,389.30%,397.70%,21115,37.849,-82.831,KY
Kenton County,"Kenton County, Kentucky",64339,51424,2314,1433,2.80%,1460,2.80%,27,1.90%,1368000,954,1368000,954,1467000,1467000,1023,1467000,1023,100000,7.30%,69,99000,7.20%,69,8274299000,6702089000,161000,130000,252570000,208241000,176000,145000,0.70%,0.70%,7.20%,647,47.60%,58.30%,21117,38.931,-84.533,KY
Knott County,"Knott County, Kentucky",31198,,,0,,,,,,0,,0,,,,,,,,,,,,,,,,,,,,,,,,,,,21119,37.36,-82.946,KY
Knox County,"Knox County, Kentucky",30181,5719,1696,1232,21.50%,1243,21.70%,11,0.90%,2188000,1776,2188000,1776,2267000,2267000,1840,2267000,1840,79000,3.60%,64,79000,3.60%,64,661980000,529591000,116000,93000,142319000,113859000,116000,92000,1.90%,2.00%,3.60%,593,199.20%,210.10%,21121,36.887,-83.856,KY
Larue County,"Larue County, Kentucky",47643,,,0,,,,,,0,,0,,,,,,,,,,,,,,,,,,,,,,,,,,,21123,37.544,-85.697,KY
Laurel County,"Laurel County, Kentucky",41526,18275,1591,901,4.90%,923,5.10%,22,2.40%,1132000,1256,1132000,1256,1195000,1194000,1325,1194000,1325,63000,5.60%,69,63000,5.50%,69,2054966000,1643973000,112000,90000,116647000,93317000,129000,104000,1.20%,1.30%,5.50%,553,127.20%,139.70%,21125,37.113,-84.119,KY
Lawrence County,"Lawrence County, Kentucky",32798,4843,2193,1799,37.10%,1804,37.20%,5,0.30%,3198000,1777,3198000,1777,3301000,3301000,1835,3301000,1835,104000,3.20%,57,103000,3.20%,57,819904000,657411000,169000,136000,222971000,180361000,124000,100000,1.80%,1.80%,3.20%,661,168.80%,177.50%,21127,38.074,-82.738,KY
Lee County,"Lee County, Kentucky",25275,,,0,,,,,,0,,0,,,,,,,,,,,,,,,,,,,,,,,,,,,21129,37.608,-83.719,KY
Leslie County,"Leslie County, Kentucky",31627,1545,1062,981,63.50%,983,63.60%,2,0.20%,2351000,2396,2351000,2396,2435000,2435000,2482,2435000,2482,84000,3.60%,86,84000,3.60%,86,125018000,100016000,81000,65000,79417000,63536000,81000,65000,3.70%,3.80%,3.60%,543,341.50%,357.30%,21131,37.088,-83.389,KY
Letcher County,"Letcher County, Kentucky",29886,1472,991,915,62.20%,918,62.40%,3,0.30%,3168000,3462,3168000,3462,3228000,3228000,3528,3228000,3528,61000,1.90%,66,60000,1.90%,66,146122000,133414000,99000,91000,89054000,81885000,97000,89000,3.90%,3.90%,1.90%,580,496.90%,508.30%,21133,37.119,-82.861,KY
Lewis County,"Lewis County, Kentucky",31147,3375,857,576,17.10%,583,17.30%,7,1.20%,710000,1232,710000,1232,737000,737000,1279,737000,1279,27000,3.80%,46,27000,3.80%,46,334579000,256785000,99000,76000,50835000,37305000,88000,65000,1.90%,2.00%,3.80%,558,120.80%,129.20%,21135,38.552,-83.377,KY
Lincoln County,"Lincoln County, Kentucky",42919,8276,583,268,3.20%,274,3.30%,6,2.20%,300000,1120,300000,1120,322000,322000,1200,322000,1200,21000,7.10%,80,21000,7.10%,80,1018099000,792924000,123000,96000,31153000,24044000,116000,90000,1.20%,1.30%,7.10%,598,87.30%,100.60%,21137,37.457,-84.658,KY
Livingston County,"Livingston County, Kentucky",50839,,,0,,,,,,0,,0,,,,,,,,,,,,,,,,,,,,,,,,,,,21139,37.21,-88.363,KY
Logan County,"Logan County, Kentucky",48014,10295,728,358,3.50%,370,3.60%,12,3.40%,1019000,2846,1019000,2846,1032000,1032000,2881,1032000,2881,13000,1.30%,36,13000,1.30%,36,1018813000,826365000,99000,80000,48990000,37972000,137000,106000,2.70%,2.70%,1.30%,713,299.10%,304.20%,21141,36.86,-86.881,KY
Lyon County,"Lyon County, Kentucky",52528,2749,618,488,17.80%,494,18.00%,6,1.20%,2346000,4808,2346000,4808,2374000,2374000,4864,2374000,4864,28000,1.20%,56,27000,1.20%,56,546392000,458969000,199000,167000,160354000,134697000,329000,276000,1.70%,1.80%,1.20%,519,825.80%,836.60%,21143,37.024,-88.083,KY
Madison County,"Madison County, Kentucky",46080,24540,1965,742,3.00%,766,3.10%,24,3.20%,1393000,1877,1393000,1877,1443000,1442000,1944,1442000,1944,50000,3.60%,66,49000,3.50%,66,3745437000,2996337000,153000,122000,136503000,109189000,184000,147000,1.30%,1.30%,3.50%,595,215.30%,226.40%,21151,37.726,-84.278,KY
Magoffin County,"Magoffin County, Kentucky",28105,569,344,283,49.70%,287,50.40%,4,1.40%,512000,1808,512000,1808,541000,541000,1911,541000,1911,29000,5.70%,102,29000,5.70%,102,51088000,45395000,90000,80000,25030000,22427000,88000,79000,2.30%,2.40%,5.70%,572,216.00%,233.90%,21153,37.699,-83.07,KY
Marion County,"Marion County, Kentucky",51861,6078,542,244,4.00%,253,4.20%,9,3.70%,282000,1157,282000,1157,299000,299000,1225,299000,1225,17000,5.90%,68,17000,5.90%,68,723637000,562543000,119000,93000,34792000,26182000,143000,107000,1.10%,1.10%,5.90%,662,74.90%,85.10%,21155,37.553,-85.269,KY
Marshall County,"Marshall County, Kentucky",50060,10393,635,149,1.40%,152,1.50%,3,2.00%,144000,966,144000,966,153000,153000,1024,153000,1024,9000,6.00%,58,9000,6.00%,58,1577861000,1265321000,152000,122000,35018000,25464000,235000,171000,0.60%,0.60%,6.00%,612,57.90%,67.30%,21157,36.882,-88.333,KY
Martin County,"Martin County, Kentucky",28147,1868,1301,1199,64.20%,1200,64.20%,1,0.10%,2808000,2342,2808000,2342,2845000,2845000,2373,2845000,2373,37000,1.30%,31,37000,1.30%,31,162088000,121883000,87000,65000,104301000,79457000,87000,66000,3.50%,3.60%,1.30%,616,280.30%,285.40%,21159,37.797,-82.507,KY
Mason County,"Mason County, Kentucky",40107,6211,795,361,5.80%,377,6.10%,16,4.40%,362000,1003,362000,1003,372000,372000,1031,372000,1031,10000,2.80%,28,10000,2.80%,28,875538000,723763000,141000,117000,37575000,29641000,104000,82000,1.20%,1.30%,2.80%,622,61.40%,65.80%,21161,38.594,-83.828,KY
McCracken County,"McCracken County, Kentucky",55113,21900,1153,355,1.60%,366,1.70%,11,3.10%,249000,703,249000,703,264000,263000,742,263000,742,14000,5.70%,39,14000,5.60%,39,3142481000,2514017000,143000,115000,64435000,51548000,182000,145000,0.50%,0.50%,5.60%,651,8.00%,14.10%,21145,37.054,-88.712,KY
McCreary County,"McCreary County, Kentucky",41013,3347,118,61,1.80%,64,1.90%,3,4.90%,68000,1117,68000,1117,71000,71000,1167,71000,1167,3000,4.50%,50,3000,4.50%,50,329983000,253822000,99000,76000,6370000,4747000,104000,78000,1.40%,1.50%,4.50%,537,108.00%,117.30%,21147,36.731,-84.491,KY
McLean County,"McLean County, Kentucky",45377,2239,190,77,3.40%,77,3.40%,0,0.00%,28000,364,28000,364,36000,36000,464,36000,464,8000,27.30%,99,8000,27.20%,99,206058000,171437000,92000,77000,7881000,6619000,102000,86000,0.40%,0.50%,27.20%,912,-60.00%,-49.10%,21149,37.527,-87.266,KY
Meade County,"Meade County, Kentucky",56603,8136,444,163,2.00%,165,2.00%,2,1.20%,234000,1437,234000,1437,239000,239000,1468,239000,1468,5000,2.20%,31,5000,2.20%,31,1063415000,837717000,131000,103000,26990000,21362000,166000,131000,1.10%,1.10%,2.20%,531,170.70%,176.60%,21163,37.967,-86.201,KY
Menifee County,"Menifee County, Kentucky",39325,,,0,,,,,,0,,0,,,,,,,,,,,,,,,,,,,,,,,,,,,21165,37.951,-83.598,KY
Mercer County,"Mercer County, Kentucky",55093,7791,882,544,7.00%,555,7.10%,11,2.00%,2295000,4219,2295000,4219,2330000,2330000,4283,2330000,4283,35000,1.50%,64,35000,1.50%,64,1087051000,941795000,140000,121000,93730000,77234000,172000,142000,3.00%,3.00%,1.50%,724,482.80%,491.70%,21167,37.812,-84.88,KY
Metcalfe County,"Metcalfe County, Kentucky",37386,,,0,,,,,,0,,0,,,,,,,,,,,,,,,,,,,,,,,,,,,21169,36.993,-85.634,KY
Monroe County,"Monroe County, Kentucky",34879,3355,237,119,3.50%,121,3.60%,2,1.70%,93000,785,93000,785,99000,99000,830,99000,830,5000,5.70%,45,5000,5.70%,45,196156000,144960000,58000,43000,13318000,9229000,112000,78000,1.00%,1.10%,5.70%,584,34.40%,42.00%,21171,36.714,-85.714,KY
Montgomery County,"Montgomery County, Kentucky",45516,8869,879,442,5.00%,454,5.10%,12,2.70%,774000,1750,774000,1750,804000,804000,1818,804000,1818,30000,3.90%,68,30000,3.90%,68,1146901000,938322000,129000,106000,69707000,55215000,158000,125000,1.40%,1.50%,3.90%,583,200.00%,211.60%,21173,38.038,-83.912,KY
Morgan County,"Morgan County, Kentucky",36134,3562,1357,1042,29.30%,1057,29.70%,15,1.40%,1630000,1564,1630000,1564,1745000,1745000,1674,1745000,1674,115000,7.10%,110,115000,7.10%,110,326168000,260944000,92000,73000,96411000,77129000,93000,74000,2.10%,2.30%,7.10%,554,182.40%,202.40%,21175,37.923,-83.259,KY
Muhlenberg County,"Muhlenberg County, Kentucky",43590,10291,580,106,1.00%,111,1.10%,5,4.70%,54000,510,54000,510,55000,55000,523,55000,523,1000,2.60%,13,1000,2.50%,13,1042041000,890223000,101000,87000,9796000,8205000,92000,77000,0.70%,0.70%,2.50%,547,-6.90%,-4.50%,21177,37.214,-87.134,KY
Nelson County,"Nelson County, Kentucky",60127,16003,875,319,2.00%,329,2.10%,10,3.10%,563000,1766,563000,1766,598000,598000,1873,598000,1873,34000,6.10%,107,34000,6.10%,107,2402287000,2305094000,150000,144000,59975000,57025000,188000,179000,1.00%,1.00%,6.10%,639,176.10%,192.90%,21179,37.803,-85.466,KY
Nicholas County,"Nicholas County, Kentucky",38149,2791,497,277,9.90%,287,10.30%,10,3.60%,414000,1495,414000,1495,430000,429000,1550,429000,1550,16000,3.80%,56,15000,3.70%,56,311565000,262006000,112000,94000,34885000,28981000,126000,105000,1.40%,1.50%,3.70%,618,141.70%,150.80%,21181,38.338,-84.026,KY
Ohio County,"Ohio County, Kentucky",45564,6027,393,82,1.40%,83,1.40%,1,1.20%,95000,1156,95000,1156,99000,99000,1203,99000,1203,4000,4.10%,47,4000,4.10%,47,586001000,584934000,97000,97000,8962000,8962000,109000,109000,1.10%,1.10%,4.10%,608,90.20%,98.00%,21183,37.478,-86.845,KY
Oldham County,"Oldham County, Kentucky",99128,,,0,,,,,,0,,0,,,,,,,,,,,,,,,,,,,,,,,,,,,21185,38.4,-85.456,KY
Owen County,"Owen County, Kentucky",48801,,,0,,,,,,0,,0,,,,,,,,,,,,,,,,,,,,,,,,,,,21187,38.499,-84.842,KY
Owsley County,"Owsley County, Kentucky",30284,169,97,74,43.80%,75,44.40%,1,1.40%,129000,1738,129000,1738,133000,133000,1798,133000,1798,4000,3.50%,60,4000,3.40%,60,15353000,11574000,91000,68000,6917000,5029000,93000,68000,2.60%,2.60%,3.40%,515,237.40%,249.10%,21189,37.424,-83.692,KY
Pendleton County,"Pendleton County, Kentucky",54375,5033,534,468,9.30%,469,9.30%,1,0.20%,484000,1034,484000,1034,497000,497000,1061,497000,1061,12000,2.60%,26,12000,2.60%,26,562192000,332386000,112000,66000,40197000,24340000,86000,52000,2.00%,2.00%,2.60%,899,15.10%,18.00%,21191,38.696,-84.352,KY
Perry County,"Perry County, Kentucky",33640,3707,1729,1565,42.20%,1572,42.40%,7,0.40%,3045000,1946,3045000,1946,3214000,3214000,2054,3214000,2054,168000,5.50%,108,168000,5.50%,108,354287000,277777000,96000,75000,134887000,104615000,86000,67000,2.90%,3.10%,5.50%,624,211.80%,229.10%,21193,37.241,-83.218,KY
Pike County,"Pike County, Kentucky",34856,,,0,,,,,,0,,0,,,,,,,,,,,,,,,,,,,,,,,,,,,21195,37.486,-82.411,KY
Powell County,"Powell County, Kentucky",37469,2573,605,393,15.30%,397,15.40%,4,1.00%,569000,1447,569000,1447,589000,589000,1498,589000,1498,20000,3.50%,51,20000,3.50%,51,269028000,215222000,105000,84000,48935000,39148000,125000,100000,1.50%,1.50%,3.50%,790,83.10%,89.50%,21197,37.801,-83.82,KY
Pulaski County,"Pulaski County, Kentucky",39998,25875,2001,953,3.70%,977,3.80%,24,2.50%,1217000,1277,1217000,1277,1268000,1268000,1331,1268000,1331,51000,4.20%,54,51000,4.20%,54,3323498000,2569506000,128000,99000,133090000,99069000,140000,104000,1.20%,1.30%,4.20%,535,138.80%,148.90%,21199,37.108,-84.58,KY
Robertson County,"Robertson County, Kentucky",41902,753,54,33,4.40%,33,4.40%,0,0.00%,152000,4620,152000,4620,155000,155000,4697,155000,4697,3000,1.70%,77,3000,1.70%,77,159425000,127540000,212000,169000,6423000,5139000,195000,156000,3.00%,3.00%,1.70%,715,546.10%,556.80%,21201,38.513,-84.064,KY
Rockcastle County,"Rockcastle County, Kentucky",35720,,,0,,,,,,0,,0,,,,,,,,,,,,,,,,,,,,,,,,,,,21203,37.361,-84.314,KY
Rowan County,"Rowan County, Kentucky",38230,6691,1892,1177,17.60%,1190,17.80%,13,1.10%,2122000,1803,2122000,1803,2163000,2163000,1838,2163000,1838,41000,1.90%,34,41000,1.90%,34,861471000,711188000,129000,106000,141720000,116084000,120000,99000,1.80%,1.90%,1.90%,599,201.20%,206.90%,21205,38.204,-83.428,KY
Russell County,"Russell County, Kentucky",38390,6511,287,144,2.20%,145,2.20%,1,0.70%,269000,1868,269000,1868,281000,281000,1951,281000,1951,12000,4.50%,83,12000,4.40%,83,656064000,559778000,101000,86000,17723000,15235000,123000,106000,1.80%,1.80%,4.40%,529,252.80%,268.50%,21207,36.991,-85.055,KY
Scott County,"Scott County, Kentucky",70817,15018,1225,598,4.00%,610,4.10%,12,2.00%,730000,1221,730000,1221,751000,751000,1256,751000,1256,21000,2.80%,34,21000,2.80%,34,2605706000,2099819000,174000,140000,125343000,100764000,210000,169000,0.70%,0.70%,2.80%,609,100.70%,106.30%,21209,38.29,-84.579,KY
Shelby County,"Shelby County, Kentucky",67056,14375,764,297,2.10%,303,2.10%,6,2.00%,380000,1278,380000,1278,392000,391000,1318,391000,1318,12000,3.20%,40,12000,3.10%,40,2982592000,2481498000,207000,173000,72435000,59629000,244000,201000,0.60%,0.70%,3.10%,557,129.40%,136.50%,21211,38.239,-85.228,KY
Simpson County,"Simpson County, Kentucky",48623,6389,282,101,1.60%,105,1.60%,4,4.00%,98000,974,98000,974,110000,110000,1093,110000,1093,12000,12.30%,120,12000,12.30%,120,813347000,596165000,127000,93000,19742000,14320000,195000,142000,0.70%,0.80%,12.30%,610,59.70%,79.30%,21213,36.741,-86.582,KY
Spencer County,"Spencer County, Kentucky",80166,5502,300,108,2.00%,114,2.10%,6,5.60%,203000,1879,203000,1879,208000,208000,1928,208000,1928,5000,2.70%,50,5000,2.60%,50,1022525000,867305000,186000,158000,19792000,16417000,183000,152000,1.20%,1.30%,2.60%,716,162.50%,169.40%,21215,38.025,-85.317,KY
Taylor County,"Taylor County, Kentucky",44522,8829,434,199,2.30%,205,2.30%,6,3.00%,283000,1422,283000,1422,304000,304000,1528,304000,1528,21000,7.40%,105,21000,7.40%,105,1036121000,846072000,117000,96000,27891000,22770000,140000,114000,1.20%,1.30%,7.40%,602,136.30%,153.80%,21217,37.366,-85.328,KY
Todd County,"Todd County, Kentucky",44005,3743,212,107,2.90%,108,2.90%,1,0.90%,233000,2175,233000,2175,236000,236000,2201,236000,2201,3000,1.20%,27,3000,1.20%,27,534088000,415733000,143000,111000,16322000,13446000,153000,126000,1.70%,1.80%,1.20%,787,176.40%,179.70%,21219,36.84,-87.184,KY
Trigg County,"Trigg County, Kentucky",50536,5446,711,355,6.50%,359,6.60%,4,1.10%,294000,827,294000,827,301000,301000,847,301000,847,7000,2.50%,20,7000,2.40%,20,828981000,663185000,152000,122000,86053000,68843000,242000,194000,0.40%,0.40%,2.40%,539,53.50%,57.30%,21221,36.808,-87.859,KY
Trimble County,"Trimble County, Kentucky",53056,2945,219,153,5.20%,155,5.30%,2,1.30%,192000,1252,192000,1252,196000,196000,1282,196000,1282,5000,2.40%,30,5000,2.40%,30,331056000,295031000,112000,100000,17402000,15440000,114000,101000,1.20%,1.30%,2.40%,623,101.10%,105.90%,21223,38.62,-85.351,KY
Union County,"Union County, Kentucky",46673,4460,205,69,1.50%,73,1.60%,4,5.80%,25000,358,25000,358,26000,26000,381,26000,381,2000,6.50%,23,2000,6.40%,23,392851000,339513000,88000,76000,5402000,4263000,78000,62000,0.60%,0.60%,6.40%,593,-39.60%,-35.80%,21225,37.658,-87.952,KY
Warren County,"Warren County, Kentucky",52270,35339,2549,1508,4.30%,1547,4.40%,39,2.60%,3152000,2090,3152000,2090,3234000,3233000,2144,3233000,2144,81000,2.60%,53,80000,2.60%,53,6097782000,4879841000,173000,138000,353606000,282942000,234000,188000,1.10%,1.10%,2.60%,525,298.40%,308.60%,21227,36.996,-86.424,KY
Washington County,"Washington County, Kentucky",53743,4369,270,131,3.00%,136,3.10%,5,3.80%,345000,2630,345000,2630,363000,363000,2768,363000,2768,18000,5.30%,139,18000,5.30%,139,619683000,601514000,142000,138000,23180000,22520000,177000,172000,1.50%,1.60%,5.30%,676,288.90%,309.40%,21229,37.754,-85.175,KY
Wayne County,"Wayne County, Kentucky",34914,7413,671,363,4.90%,375,5.10%,12,3.30%,447000,1231,447000,1231,466000,466000,1284,466000,1284,19000,4.30%,53,19000,4.30%,53,723616000,577411000,98000,78000,34833000,27299000,96000,75000,1.60%,1.70%,4.30%,590,108.70%,117.60%,21231,36.802,-84.83,KY
Webster County,"Webster County, Kentucky",42119,3953,191,46,1.20%,48,1.20%,2,4.30%,11000,248,11000,248,12000,12000,263,12000,263,1000,6.00%,15,1000,5.90%,15,315231000,252196000,80000,64000,2795000,2236000,61000,49000,0.50%,0.50%,5.90%,720,-65.50%,-63.50%,21233,37.519,-87.685,KY
Whitley County,"Whitley County, Kentucky",39005,9561,1387,903,9.40%,908,9.50%,5,0.60%,1024000,1134,1024000,1134,1062000,1062000,1176,1062000,1176,38000,3.70%,42,38000,3.70%,42,1029785000,792993000,108000,83000,95082000,72676000,105000,80000,1.40%,1.50%,3.70%,599,89.20%,96.30%,21235,36.758,-84.145,KY
Wolfe County,"Wolfe County, Kentucky",24623,,,0,,,,,,0,,0,,,,,,,,,,,,,,,,,,,,,,,,,,,21237,37.744,-83.495,KY
Woodford County,"Woodford County, Kentucky",63820,8901,701,394,4.40%,402,4.50%,8,2.00%,1310000,3324,1310000,3324,1331000,1331000,3377,1331000,3377,21000,1.60%,53,21000,1.60%,53,1777958000,1352443000,200000,152000,73328000,56760000,186000,144000,2.30%,2.30%,1.60%,831,300.10%,306.50%,21239,38.043,-84.749,KY
Adams County,"Adams County, Ohio",39079,10340,977,503,4.90%,499,4.80%,-4,-0.80%,420000,835,420000,835,439000,439000,874,439000,874,19000,4.60%,38,19000,4.60%,38,1049560000,620268000,102000,60000,52909000,27596000,105000,55000,1.50%,1.60%,4.60%,616,36%,42%,39001,38.834,-83.478,OH
Allen County,"Allen County, Ohio",53131,34765,1158,202,0.60%,214,0.60%,12,5.90%,166000,822,166000,822,169000,169000,834,169000,834,3000,1.50%,12,2000,1.50%,12,3449926000,2801953000,99000,81000,31433000,24875000,156000,123000,0.70%,0.70%,1.50%,743,11%,12%,39003,40.772,-84.106,OH
Ashland County,"Ashland County, Ohio",52823,13030,637,145,1.10%,148,1.10%,3,2.10%,94000,651,94000,651,108000,108000,746,108000,746,14000,14.70%,95,14000,14.70%,95,1439466000,1104991000,110000,85000,22263000,15288000,154000,105000,0.60%,0.70%,14.70%,694,-6%,8%,39005,40.843,-82.27,OH
Ashtabula County,"Ashtabula County, Ohio",46700,35433,1230,328,0.90%,335,0.90%,7,2.10%,506000,1544,506000,1544,530000,530000,1615,530000,1615,23000,4.60%,71,23000,4.60%,71,4017909000,2984208000,113000,84000,53262000,38843000,162000,118000,1.30%,1.40%,4.60%,625,147%,158%,39007,41.907,-80.746,OH
Athens County,"Athens County, Ohio",40905,15054,3772,3067,20.40%,3072,20.40%,5,0.20%,9473000,3089,9473000,3089,9706000,9706000,3165,9706000,3165,233000,2.50%,76,233000,2.50%,76,2006495000,1536633000,133000,102000,433493000,337297000,141000,110000,2.80%,2.90%,2.50%,785,294%,303%,39009,39.333,-82.046,OH
Auglaize County,"Auglaize County, Ohio",64074,14845,619,255,1.70%,258,1.70%,3,1.20%,411000,1611,411000,1611,419000,418000,1641,418000,1641,8000,1.90%,30,8000,1.90%,30,1904364000,1518172000,128000,102000,36281000,28307000,142000,111000,1.50%,1.50%,1.90%,655,146%,150%,39011,40.561,-84.224,OH
Belmont County,"Belmont County, Ohio",50904,24793,5121,4277,17.30%,4293,17.30%,16,0.40%,7138000,1669,7138000,1669,7275000,7275000,1701,7275000,1701,137000,1.90%,32,137000,1.90%,32,2762156000,2289759000,111000,92000,361465000,301111000,85000,70000,2.40%,2.40%,1.90%,628,166%,171%,39013,40.018,-80.968,OH
Brown County,"Brown County, Ohio",54575,14026,1226,687,4.90%,696,5.00%,9,1.30%,726000,1057,726000,1057,744000,744000,1083,744000,1083,18000,2.50%,26,18000,2.40%,26,1512013000,1124874000,108000,80000,82793000,60165000,121000,88000,1.20%,1.20%,2.40%,735,44%,47%,39015,38.931,-83.867,OH
Butler County,"Butler County, Ohio",66117,116749,5300,1719,1.50%,1756,1.50%,37,2.20%,1108000,645,1108000,645,1147000,1146000,667,1146000,667,39000,3.50%,22,38000,3.50%,22,18010517000,13268426000,154000,114000,242772000,167394000,141000,97000,0.70%,0.70%,3.50%,769,-16%,-13%,39017,39.44,-84.566,OH
Carroll County,"Carroll County, Ohio",55267,9981,1017,379,3.80%,384,3.80%,5,1.30%,303000,800,303000,800,309000,309000,814,309000,814,6000,1.80%,15,6000,1.80%,15,1276273000,966192000,128000,97000,50847000,35585000,134000,94000,0.90%,0.90%,1.80%,597,34%,37%,39019,40.58,-81.091,OH
Champaign County,"Champaign County, Ohio",60112,13765,981,339,2.50%,341,2.50%,2,0.60%,335000,987,335000,987,355000,354000,1046,354000,1046,20000,5.90%,58,20000,5.90%,58,1906054000,1390632000,138000,101000,48785000,37101000,144000,109000,0.90%,1.00%,5.90%,694,42%,51%,39021,40.133,-83.768,OH
Clark County,"Clark County, Ohio",50873,44232,1532,362,0.80%,365,0.80%,3,0.80%,288000,795,288000,795,294000,294000,812,294000,812,6000,2.20%,18,6000,2.20%,18,4726567000,3749668000,107000,85000,49234000,36940000,136000,102000,0.80%,0.80%,2.20%,744,7%,9%,39023,39.917,-83.784,OH
Clermont County,"Clermont County, Ohio",66968,61532,2487,1056,1.70%,1065,1.70%,9,0.90%,2389000,2263,2389000,2263,2466000,2466000,2335,2466000,2335,77000,3.20%,73,77000,3.20%,73,9854579000,7518643000,160000,122000,176942000,127261000,168000,121000,1.90%,1.90%,3.20%,805,181%,190%,39025,39.052,-84.15,OH
Clinton County,"Clinton County, Ohio",52815,13082,609,165,1.30%,168,1.30%,3,1.80%,140000,848,140000,848,145000,145000,876,145000,876,5000,3.40%,29,5000,3.40%,29,1570123000,1239203000,120000,95000,24035000,17933000,146000,109000,0.80%,0.80%,3.40%,734,16%,19%,39027,39.43,-83.796,OH
Columbiana County,"Columbiana County, Ohio",48345,35845,2591,1195,3.30%,1227,3.40%,32,2.70%,1099000,920,1099000,920,1137000,1137000,951,1137000,951,38000,3.40%,31,38000,3.40%,31,3049844000,2356677000,85000,66000,77221000,57623000,65000,48000,1.90%,2.00%,3.40%,563,63%,69%,39029,40.77,-80.778,OH
Coshocton County,"Coshocton County, Ohio",46606,12617,1627,599,4.70%,604,4.80%,5,0.80%,576000,961,576000,961,600000,600000,1001,600000,1001,24000,4.20%,40,24000,4.20%,40,1369063000,870015000,109000,69000,74020000,40070000,124000,67000,1.40%,1.50%,4.20%,608,58%,65%,39031,40.297,-81.93,OH
Crawford County,"Crawford County, Ohio",44971,16872,720,149,0.90%,152,0.90%,3,2.00%,122000,817,122000,817,123000,123000,824,123000,824,1000,0.90%,8,1000,0.90%,8,1381305000,1109953000,82000,66000,13719000,10208000,92000,69000,1.20%,1.20%,0.90%,752,9%,10%,39033,40.849,-82.925,OH
Cuyahoga County,"Cuyahoga County, Ohio",50366,426405,10563,2278,0.50%,2430,0.60%,152,6.70%,3193000,1401,3193000,1401,3394000,3392000,1489,3392000,1489,202000,6.30%,88,200000,6.30%,88,58242718000,45143565000,137000,106000,535869000,414520000,235000,182000,0.80%,0.80%,6.30%,638,120%,133%,39035,41.76,-81.724,OH
Darke County,"Darke County, Ohio",55620,17184,509,134,0.80%,134,0.80%,0,0.00%,110000,824,110000,824,113000,113000,840,113000,840,2000,1.90%,16,2000,1.90%,16,2389172000,1806008000,139000,105000,21918000,15061000,164000,112000,0.70%,0.70%,1.90%,915,-10%,-8%,39037,40.132,-84.621,OH
Defiance County,"Defiance County, Ohio",59931,13765,2164,1850,13.40%,1851,13.40%,1,0.10%,4246000,2295,4246000,2295,4212000,4212000,2277,4212000,2277,-33000,-0.80%,-18,-33000,-0.80%,-18,1682406000,1299301000,122000,94000,217846000,184457000,118000,100000,2.30%,2.30%,-0.80%,566,305%,302%,39039,41.322,-84.486,OH
Delaware County,"Delaware County, Ohio",106908,66115,2211,632,1.00%,637,1.00%,5,0.80%,2825000,4470,2825000,4470,2849000,2849000,4507,2849000,4507,24000,0.80%,37,24000,0.80%,37,19491443000,15028402000,295000,227000,257001000,183320000,407000,290000,1.50%,1.60%,0.80%,603,641%,647%,39041,40.279,-83.007,OH
Erie County,"Erie County, Ohio",54226,28850,1524,771,2.70%,776,2.70%,5,0.60%,1339000,1737,1339000,1737,1401000,1401000,1817,1401000,1817,61000,4.60%,79,61000,4.60%,79,4128473000,3022151000,143000,105000,207324000,108413000,269000,141000,1.20%,1.30%,4.60%,"1,027",69%,77%,39043,41.554,-82.526,OH
Fairfield County,"Fairfield County, Ohio",67609,48702,3572,1428,2.90%,1435,2.90%,7,0.50%,2360000,1653,2360000,1653,2380000,2380000,1667,2380000,1667,20000,0.90%,14,20000,0.80%,14,8198574000,5871909000,168000,121000,239344000,146274000,168000,102000,1.60%,1.60%,0.80%,998,66%,67%,39045,39.748,-82.627,OH
Fayette County,"Fayette County, Ohio",47308,10704,558,200,1.90%,200,1.90%,0,0.00%,220000,1101,220000,1101,222000,222000,1111,222000,1111,2000,0.90%,10,2000,0.90%,10,1363016000,911986000,127000,85000,31199000,23038000,156000,115000,1.00%,1.00%,0.90%,825,33%,35%,39047,39.555,-83.462,OH
Franklin County,"Franklin County, Ohio",61305,352468,9675,4051,1.10%,4103,1.20%,52,1.30%,20565000,5077,20529000,5068,20979000,20978000,5178,20940000,5169,414000,2.00%,102,412000,2.00%,102,60181484000,45266372000,171000,128000,1391495000,1075966000,343000,266000,1.90%,1.90%,2.00%,697,627%,641%,39049,39.97,-83.009,OH
Fulton County,"Fulton County, Ohio",63092,12871,450,123,1.00%,124,1.00%,1,0.80%,183000,1489,183000,1489,187000,187000,1522,187000,1522,4000,2.30%,34,4000,2.30%,34,1588726000,1275373000,123000,99000,19193000,14524000,156000,118000,1.30%,1.30%,2.30%,862,73%,77%,39051,41.597,-84.124,OH
Gallia County,"Gallia County, Ohio",44858,9098,2722,1993,21.90%,2001,22.00%,8,0.40%,1641000,824,1641000,824,1729000,1729000,868,1729000,868,88000,5.40%,44,88000,5.40%,44,670503000,475492000,74000,52000,180014000,132206000,90000,66000,1.20%,1.30%,5.40%,704,17%,23%,39053,38.817,-82.302,OH
Geauga County,"Geauga County, Ohio",82303,32155,1055,134,0.40%,138,0.40%,4,3.00%,162000,1206,162000,1206,171000,171000,1275,171000,1275,9000,5.80%,69,9000,5.70%,69,7634790000,5659177000,237000,176000,38681000,27387000,289000,204000,0.60%,0.60%,5.70%,617,96%,107%,39055,41.499,-81.174,OH
Greene County,"Greene County, Ohio",68720,51996,1674,275,0.50%,279,0.50%,4,1.50%,434000,1578,434000,1578,441000,440000,1602,440000,1602,7000,1.50%,24,7000,1.50%,24,8707568000,6843277000,167000,132000,65195000,44094000,237000,160000,1.00%,1.00%,1.50%,882,79%,82%,39057,39.687,-83.895,OH
Guernsey County,"Guernsey County, Ohio",45917,15221,1026,336,2.20%,341,2.20%,5,1.50%,290000,862,290000,862,308000,308000,915,308000,915,18000,6.20%,53,18000,6.20%,53,1539742000,1117794000,101000,73000,48088000,32516000,143000,97000,0.90%,0.90%,6.20%,652,32%,40%,39059,40.057,-81.498,OH
Hamilton County,"Hamilton County, Ohio",57212,239840,11345,4696,2.00%,4794,2.00%,98,2.10%,4765000,1015,4765000,1015,5040000,5039000,1073,5039000,1073,275000,5.80%,58,273000,5.70%,58,42054776000,30882606000,175000,129000,907026000,647617000,193000,138000,0.70%,0.80%,5.70%,700,45%,53%,39061,39.197,-84.544,OH
Hancock County,"Hancock County, Ohio",58450,23027,1592,1002,4.40%,1007,4.40%,5,0.50%,550000,549,550000,549,570000,570000,569,570000,569,21000,3.70%,20,20000,3.70%,20,3344909000,2747322000,145000,119000,141219000,111569000,141000,111000,0.50%,0.50%,3.70%,880,-38%,-35%,39063,41,-83.666,OH
Hardin County,"Hardin County, Ohio",50506,9739,499,245,2.50%,248,2.50%,3,1.20%,113000,461,113000,461,114000,114000,466,114000,466,1000,1.20%,5,1000,1.20%,5,928290000,743521000,95000,76000,20244000,16515000,83000,67000,0.70%,0.70%,1.20%,715,-36%,-35%,39065,40.66,-83.664,OH
Harrison County,"Harrison County, Ohio",49689,5331,711,288,5.40%,298,5.60%,10,3.50%,238000,826,238000,826,248000,248000,861,248000,861,10000,4.30%,35,10000,4.30%,35,530462000,378964000,100000,71000,33405000,21502000,116000,75000,1.10%,1.20%,4.30%,608,36%,42%,39067,40.292,-81.092,OH
Henry County,"Henry County, Ohio",59695,9595,1181,823,8.60%,824,8.60%,1,0.10%,1429000,1736,1429000,1736,1419000,1419000,1724,1419000,1724,-10000,-0.70%,-12,-10000,-0.70%,-12,1164894000,876752000,121000,91000,107492000,83945000,131000,102000,1.70%,1.70%,-0.70%,586,196%,194%,39069,41.332,-84.069,OH
Highland County,"Highland County, Ohio",44169,16715,681,160,1.00%,160,1.00%,0,0.00%,242000,1511,242000,1511,252000,252000,1574,252000,1574,10000,4.10%,63,10000,4.10%,63,1951098000,1358786000,117000,81000,24349000,16315000,152000,102000,1.50%,1.50%,4.10%,600,152%,163%,39071,39.184,-83.601,OH
Hocking County,"Hocking County, Ohio",52363,9693,1855,669,6.90%,675,7.00%,6,0.90%,719000,1074,719000,1074,775000,775000,1159,775000,1159,57000,7.90%,85,57000,7.90%,85,1194913000,880322000,123000,91000,106968000,72345000,160000,108000,1.00%,1.10%,7.90%,654,64%,77%,39073,39.49,-82.483,OH
Holmes County,"Holmes County, Ohio",63753,8572,802,244,2.80%,243,2.80%,-1,-0.40%,326000,1334,326000,1334,339000,339000,1388,339000,1388,13000,4.10%,54,13000,4.10%,54,1574522000,989168000,184000,115000,51498000,31322000,211000,128000,1.00%,1.10%,4.10%,589,127%,136%,39075,40.566,-81.93,OH
Huron County,"Huron County, Ohio",52560,18675,967,608,3.30%,624,3.30%,16,2.60%,470000,773,470000,773,490000,490000,805,490000,805,20000,4.30%,33,20000,4.30%,33,1870328000,1539458000,100000,82000,71805000,58970000,118000,97000,0.80%,0.80%,4.30%,566,37%,42%,39077,41.145,-82.595,OH
Jackson County,"Jackson County, Ohio",47550,11366,1264,607,5.30%,616,5.40%,9,1.50%,455000,750,455000,750,487000,487000,802,487000,802,32000,7.00%,52,32000,6.90%,52,1041048000,734710000,92000,65000,54604000,34624000,90000,57000,1.30%,1.40%,6.90%,635,18%,26%,39079,39.013,-82.614,OH
Jefferson County,"Jefferson County, Ohio",46581,19676,3048,2639,13.40%,2642,13.40%,3,0.10%,3037000,1151,3037000,1151,3139000,3139000,1189,3139000,1189,102000,3.30%,39,102000,3.30%,39,1728995000,1384811000,88000,70000,221926000,177877000,84000,67000,1.70%,1.80%,3.30%,610,89%,95%,39081,40.399,-80.764,OH
Knox County,"Knox County, Ohio",57749,20349,1270,248,1.20%,260,1.30%,12,4.80%,239000,964,239000,964,253000,253000,1020,253000,1020,14000,5.90%,56,14000,5.80%,56,2872986000,2036739000,141000,100000,41766000,27916000,168000,113000,0.90%,0.90%,5.80%,822,17%,24%,39083,40.404,-82.422,OH
Lake County,"Lake County, Ohio",64466,85363,3606,1555,1.80%,1568,1.80%,13,0.80%,1899000,1221,1899000,1221,1945000,1945000,1251,1945000,1251,46000,2.40%,29,45000,2.40%,29,13163251000,9187947000,154000,108000,277536000,193807000,178000,125000,1.00%,1.00%,2.40%,664,84%,88%,39085,41.924,-81.393,OH
Lawrence County,"Lawrence County, Ohio",45118,14750,5268,3637,24.70%,3661,24.80%,24,0.70%,4546000,1250,4546000,1250,4744000,4744000,1304,4744000,1304,198000,4.40%,54,198000,4.40%,54,1593913000,1260614000,108000,85000,400144000,310195000,110000,85000,1.50%,1.50%,4.40%,644,94%,103%,39087,38.604,-82.517,OH
Licking County,"Licking County, Ohio",64589,60468,4050,889,1.50%,928,1.50%,39,4.40%,785000,883,785000,883,815000,814000,916,814000,916,30000,3.80%,33,29000,3.70%,33,11643904000,9314968000,193000,154000,182997000,146397000,206000,165000,0.50%,0.60%,3.70%,721,23%,27%,39089,40.092,-82.483,OH
Logan County,"Logan County, Ohio",56754,18232,1018,223,1.20%,230,1.30%,7,3.10%,215000,963,215000,963,219000,219000,983,219000,983,5000,2.10%,20,5000,2.10%,20,2501902000,1750325000,137000,96000,56606000,34917000,254000,157000,0.60%,0.60%,2.10%,647,49%,52%,39091,40.388,-83.766,OH
Lorain County,"Lorain County, Ohio",58427,106900,3467,1476,1.40%,1552,1.50%,76,5.10%,1474000,999,1474000,999,1538000,1537000,1041,1537000,1041,64000,4.30%,42,63000,4.30%,42,15350410000,11520290000,144000,108000,369508000,277420000,250000,188000,0.50%,0.60%,4.30%,649,54%,60%,39093,41.439,-82.18,OH
Lucas County,"Lucas County, Ohio",48736,137924,5291,2888,2.10%,2944,2.10%,56,1.90%,3731000,1292,3731000,1292,3750000,3749000,1298,3749000,1298,19000,0.50%,6,19000,0.50%,6,15139938000,11983948000,110000,87000,531961000,416338000,184000,144000,0.90%,0.90%,0.50%,675,91%,92%,39095,41.682,-83.469,OH
Madison County,"Madison County, Ohio",68022,11677,362,65,0.60%,68,0.60%,3,4.60%,91000,1397,91000,1397,91000,91000,1397,91000,1397,0,0.00%,0,0,0.00%,0,1833870000,1383878000,157000,119000,16564000,11705000,255000,180000,0.80%,0.80%,0.00%,971,44%,44%,39097,39.897,-83.401,OH
Mahoning County,"Mahoning County, Ohio",46042,87678,1502,275,0.30%,278,0.30%,3,1.10%,333000,1211,333000,1211,337000,336000,1224,336000,1224,4000,1.10%,13,4000,1.10%,13,9264706000,7508786000,106000,86000,58293000,38973000,212000,142000,0.90%,0.90%,1.10%,524,131%,134%,39099,41.011,-80.77,OH
Marion County,"Marion County, Ohio",47498,21644,916,301,1.40%,313,1.40%,12,4.00%,193000,642,193000,642,195000,195000,647,195000,647,2000,0.80%,5,1000,0.80%,5,2075718000,1626827000,96000,75000,37601000,28582000,125000,95000,0.70%,0.70%,0.80%,"1,008",-36%,-36%,39101,40.588,-83.169,OH
Medina County,"Medina County, Ohio",76600,63180,1944,227,0.40%,234,0.40%,7,3.10%,265000,1167,265000,1167,273000,273000,1203,273000,1203,9000,3.20%,37,8000,3.10%,37,11856172000,7984826000,188000,126000,71015000,45568000,313000,201000,0.60%,0.60%,3.10%,551,112%,118%,39103,41.116,-81.9,OH
Meigs County,"Meigs County, Ohio",44899,5632,1949,1536,27.30%,1544,27.40%,8,0.50%,1033000,673,1033000,673,1063000,1062000,692,1062000,692,29000,2.80%,19,29000,2.80%,19,464529000,337456000,82000,60000,106288000,76332000,69000,50000,1.40%,1.40%,2.80%,863,-22%,-20%,39105,39.09,-82.028,OH
Mercer County,"Mercer County, Ohio",62952,12020,378,80,0.70%,80,0.70%,0,0.00%,57000,712,57000,712,57000,57000,719,57000,719,1000,0.90%,7,1000,0.90%,7,2132439000,1772168000,177000,147000,15785000,12225000,197000,153000,0.50%,0.50%,0.90%,772,-8%,-7%,39107,40.535,-84.632,OH
Miami County,"Miami County, Ohio",61041,35700,2340,348,1.00%,360,1.00%,12,3.40%,406000,1167,406000,1167,419000,419000,1203,419000,1203,13000,3.10%,36,12000,3.10%,36,5158562000,3899754000,144000,109000,54838000,39541000,158000,114000,1.00%,1.10%,3.10%,773,51%,56%,39109,40.053,-84.228,OH
Monroe County,"Monroe County, Ohio",45289,3791,521,396,10.40%,399,10.50%,3,0.80%,1103000,2785,1103000,2785,1124000,1124000,2838,1124000,2838,21000,1.90%,53,21000,1.90%,53,395897000,294056000,104000,78000,44827000,30928000,113000,78000,3.60%,3.60%,1.90%,584,377%,386%,39111,39.726,-81.091,OH
Montgomery County,"Montgomery County, Ohio",51542,186285,8058,3101,1.70%,3135,1.70%,34,1.10%,2266000,731,2266000,731,2347000,2346000,757,2346000,757,80000,3.50%,26,80000,3.50%,26,19841747000,15107838000,107000,81000,338108000,249831000,109000,81000,0.90%,0.90%,3.50%,638,15%,19%,39113,39.754,-84.291,OH
Morgan County,"Morgan County, Ohio",42341,5086,924,759,14.90%,760,14.90%,1,0.10%,1991000,2623,1991000,2623,2010000,2010000,2648,2010000,2648,19000,0.90%,25,19000,0.90%,25,439598000,308579000,86000,61000,64462000,45756000,85000,60000,4.40%,4.40%,0.90%,716,266%,270%,39115,39.625,-81.862,OH
Morrow County,"Morrow County, Ohio",59452,11620,551,64,0.60%,65,0.60%,1,1.60%,105000,1635,105000,1635,106000,106000,1657,106000,1657,1000,1.40%,22,1000,1.40%,22,1503966000,1126709000,129000,97000,13036000,9408000,204000,147000,1.10%,1.10%,1.40%,930,76%,78%,39117,40.525,-82.798,OH
Muskingum County,"Muskingum County, Ohio",47254,28447,2718,1743,6.10%,1752,6.20%,9,0.50%,4148000,2380,4148000,2380,4216000,4216000,2419,4216000,2419,68000,1.60%,39,68000,1.60%,39,3095230000,2567289000,109000,90000,178982000,141897000,103000,81000,2.90%,3.00%,1.60%,563,322%,329%,39119,39.966,-81.944,OH
Noble County,"Noble County, Ohio",46897,2964,301,152,5.10%,154,5.20%,2,1.30%,184000,1208,184000,1208,187000,187000,1231,187000,1231,4000,1.90%,23,3000,1.90%,23,279152000,217022000,94000,73000,20463000,14792000,135000,97000,1.20%,1.30%,1.90%,527,129%,134%,39121,39.767,-81.452,OH
Ottawa County,"Ottawa County, Ohio",59099,20158,1744,1390,6.90%,1391,6.90%,1,0.10%,1432000,1030,1432000,1030,1477000,1477000,1063,1477000,1063,46000,3.20%,33,46000,3.20%,33,3673442000,2433857000,182000,121000,229744000,172929000,165000,124000,0.80%,0.90%,3.20%,779,32%,36%,39123,41.545,-83.013,OH
Paulding County,"Paulding County, Ohio",55330,2969,158,69,2.30%,69,2.30%,0,0.00%,39000,563,39000,563,39000,39000,563,39000,563,0,0.10%,1,0,0.10%,1,258002000,192572000,87000,65000,8127000,6233000,118000,90000,0.60%,0.60%,0.10%,701,-20%,-20%,39125,41.119,-84.582,OH
Perry County,"Perry County, Ohio",50150,9338,802,238,2.50%,252,2.70%,14,5.90%,149000,627,149000,627,154000,154000,648,154000,648,5000,3.40%,21,5000,3.30%,21,978980000,723841000,105000,78000,27017000,18311000,114000,77000,0.80%,0.80%,3.30%,618,2%,5%,39127,39.743,-82.238,OH
Pickaway County,"Pickaway County, Ohio",63633,17618,747,103,0.60%,116,0.70%,13,12.60%,98000,955,98000,955,104000,104000,1012,104000,1012,6000,6.00%,56,6000,5.90%,56,2779645000,1926359000,158000,109000,18997000,12413000,184000,121000,0.80%,0.80%,5.90%,814,17%,24%,39129,39.649,-83.053,OH
Pike County,"Pike County, Ohio",42832,8634,1528,493,5.70%,506,5.90%,13,2.60%,439000,891,439000,891,457000,457000,926,457000,926,17000,3.90%,35,17000,3.90%,35,1123964000,775909000,130000,90000,54113000,34350000,110000,70000,1.30%,1.30%,3.90%,605,47%,53%,39131,39.071,-83.053,OH
Portage County,"Portage County, Ohio",57618,44458,1609,524,1.20%,548,1.20%,24,4.60%,466000,889,466000,889,487000,487000,929,487000,929,22000,4.70%,41,21000,4.60%,41,7164049000,5329909000,161000,120000,106481000,77607000,203000,148000,0.60%,0.60%,4.60%,667,33%,39%,39133,41.169,-81.197,OH
Preble County,"Preble County, Ohio",58957,15252,723,159,1.00%,161,1.10%,2,1.30%,161000,1014,161000,1014,177000,177000,1111,177000,1111,16000,9.60%,1,15000,9.60%,97,1967588000,1359953000,129000,89000,22540000,14753000,142000,93000,1.10%,1.20%,9.60%,793,27.90%,40.10%,39135,39.739,-84.645,OH
Putnam County,"Putnam County, Ohio",64822,11383,523,232,2.00%,232,2.00%,0,0.00%,159000,686,159000,686,160000,160000,691,160000,691,1000,0.60%,0,1000,0.60%,4,1481850000,1269069000,130000,111000,31523000,26841000,136000,116000,0.60%,0.60%,0.60%,608,12.90%,13.60%,39137,41.025,-84.13,OH
Richland County,"Richland County, Ohio",49547,40524,1487,328,0.80%,334,0.80%,6,1.80%,122000,372,122000,372,129000,129000,393,129000,393,7000,5.90%,0,7000,5.80%,22,3956026000,3112368000,98000,77000,43104000,31957000,131000,97000,0.40%,0.40%,5.80%,632,-41.20%,-37.80%,39139,40.774,-82.543,OH
Ross County,"Ross County, Ohio",51092,24686,3329,783,3.20%,810,3.30%,27,3.40%,1031000,1317,1031000,1317,1060000,1059000,1353,1059000,1353,29000,2.80%,0,28000,2.80%,36,2975338000,2304577000,121000,93000,96176000,73798000,123000,94000,1.40%,1.40%,2.80%,643,104.70%,110.30%,39141,39.324,-83.06,OH
Sandusky County,"Sandusky County, Ohio",54089,21287,1874,1175,5.50%,1181,5.50%,6,0.50%,1464000,1246,1464000,1246,1491000,1491000,1269,1491000,1269,27000,1.80%,0,26000,1.80%,23,2392478000,1748764000,112000,82000,173704000,126742000,148000,108000,1.20%,1.20%,1.80%,616,102.10%,105.80%,39143,41.355,-83.143,OH
Scioto County,"Scioto County, Ohio",41330,25696,6815,4222,16.40%,4328,16.80%,106,2.50%,3987000,944,3987000,944,4203000,4202000,995,4202000,995,216000,5.40%,1,215000,5.40%,51,2462246000,1861075000,96000,72000,376747000,270305000,89000,64000,1.50%,1.60%,5.40%,582,62.30%,71.00%,39145,38.815,-82.999,OH
Seneca County,"Seneca County, Ohio",52500,16975,2045,1668,9.80%,1669,9.80%,1,0.10%,1544000,926,1544000,926,1581000,1580000,948,1580000,948,36000,2.40%,0,36000,2.40%,22,1749530000,1272558000,103000,75000,153090000,119376000,92000,72000,1.30%,1.30%,2.40%,579,59.90%,63.70%,39147,41.12,-83.128,OH
Shelby County,"Shelby County, Ohio",63806,14965,726,370,2.50%,372,2.50%,2,0.50%,394000,1065,394000,1065,398000,398000,1074,398000,1074,4000,0.90%,0,4000,0.90%,10,1926410000,1572372000,129000,105000,50482000,37960000,136000,103000,1.00%,1.00%,0.90%,971,9.60%,10.60%,39149,40.337,-84.204,OH
Stark County,"Stark County, Ohio",53860,137385,6147,984,0.70%,1016,0.70%,32,3.30%,976000,992,976000,992,987000,987000,1003,987000,1003,11000,1.20%,0,11000,1.10%,11,16960738000,12475752000,123000,91000,147826000,107112000,150000,109000,0.90%,0.90%,1.10%,659,50.50%,52.20%,39151,40.814,-81.366,OH
Summit County,"Summit County, Ohio",57181,192346,6940,2068,1.10%,2108,1.10%,40,1.90%,1526000,738,1526000,738,1564000,1563000,756,1563000,756,38000,2.50%,0,37000,2.40%,18,26990233000,20788048000,140000,108000,279763000,217454000,135000,105000,0.70%,0.70%,2.40%,614,20.20%,23.10%,39153,41.122,-81.535,OH
Trumbull County,"Trumbull County, Ohio",47280,71901,2075,637,0.90%,640,0.90%,3,0.50%,446000,700,446000,700,456000,456000,717,456000,717,11000,2.40%,0,11000,2.40%,17,7349639000,5827521000,102000,81000,50367000,39825000,79000,63000,1.10%,1.10%,2.40%,903,-22.50%,-20.70%,39155,41.306,-80.77,OH
Tuscarawas County,"Tuscarawas County, Ohio",53243,32411,3822,963,3.00%,989,3.10%,26,2.70%,914000,949,914000,949,964000,964000,1001,964000,1001,50000,5.50%,1,50000,5.50%,52,3875423000,2901735000,120000,90000,137101000,93528000,142000,97000,1.00%,1.00%,5.50%,611,55.30%,63.80%,39157,40.447,-81.471,OH
Union County,"Union County, Ohio",86715,17843,484,73,0.40%,76,0.40%,3,4.10%,101000,1379,101000,1379,102000,102000,1394,102000,1394,1000,1.20%,0,1000,1.10%,15,3877720000,3014113000,217000,169000,24838000,19079000,340000,261000,0.50%,0.50%,1.10%,715,92.80%,94.90%,39159,40.296,-83.367,OH
Van Wert County,"Van Wert County, Ohio",54254,10424,554,309,3.00%,309,3.00%,0,0.00%,148000,479,148000,479,154000,154000,499,154000,499,6000,4.30%,0,6000,4.30%,20,1049281000,851003000,101000,82000,33642000,27362000,109000,89000,0.50%,0.60%,4.30%,833,-42.50%,-40.10%,39161,40.856,-84.586,OH
Vinton County,"Vinton County, Ohio",45673,3742,671,308,8.20%,318,8.50%,10,3.20%,522000,1695,522000,1695,532000,532000,1727,532000,1727,10000,1.90%,0,10000,1.90%,32,312922000,232617000,84000,62000,39126000,28957000,127000,94000,1.80%,1.80%,1.90%,496,241.90%,248.40%,39163,39.252,-82.486,OH
Warren County,"Warren County, Ohio",87125,74344,2612,974,1.30%,996,1.30%,22,2.30%,854000,876,854000,876,900000,900000,924,900000,924,47000,5.50%,0,46000,5.40%,47,15874181000,12790185000,214000,172000,172295000,131896000,177000,135000,0.60%,0.70%,5.40%,848,3.30%,8.90%,39165,39.426,-84.17,OH
Washington County,"Washington County, Ohio",50021,18581,4650,4308,23.20%,4312,23.20%,4,0.10%,14632000,3396,14632000,3396,15023000,15023000,3487,15023000,3487,392000,2.70%,1,391000,2.70%,91,2250808000,1816322000,121000,98000,496515000,393570000,115000,91000,3.70%,3.80%,2.70%,737,360.60%,372.90%,39167,39.451,-81.491,OH
Wayne County,"Wayne County, Ohio",58300,36834,1445,217,0.60%,225,0.60%,8,3.70%,150000,692,150000,692,159000,159000,732,159000,732,9000,5.90%,0,9000,5.90%,41,5264187000,3534840000,143000,96000,36134000,21324000,167000,98000,0.70%,0.70%,5.90%,689,0.50%,6.40%,39169,40.83,-81.887,OH
Williams County,"Williams County, Ohio",53183,11541,405,37,0.30%,36,0.30%,-1,-2.70%,23000,623,23000,623,23000,23000,633,23000,633,0,1.60%,0,0,1.60%,10,1204264000,915411000,104000,79000,5515000,4147000,149000,112000,0.60%,0.60%,1.60%,587,6.20%,7.90%,39171,41.565,-84.584,OH
Wood County,"Wood County, Ohio",62390,41082,3148,2189,5.30%,2197,5.30%,8,0.40%,5339000,2439,5339000,2439,5346000,5345000,2442,5345000,2442,7000,0.10%,0,7000,0.10%,3,6669916000,5094994000,162000,124000,432635000,316231000,198000,144000,1.70%,1.70%,0.10%,615,296.50%,297.00%,39173,41.36,-83.623,OH
Wyandot County,"Wyandot County, Ohio",55767,5188,246,26,0.50%,26,0.50%,0,0.00%,30000,1169,30000,1169,31000,31000,1207,31000,1207,1000,3.30%,0,1000,3.30%,38,516057000,380340000,99000,73000,4042000,2514000,155000,97000,1.20%,1.20%,3.30%,663,76.30%,82.10%,39175,40.84,-83.314,OH
Barbour County,"Barbour County, West Virginia",38459,4492,1174,915,20.40%,923,20.50%,8,0.90%,2029000,2217,2029000,2217,2041000,2040000,2230,2040000,2230,12000,0.60%,13,12000,0.60%,13,367118000,263901000,82000,59000,95435000,70765000,104000,77000,2.90%,2.90%,0.60%,625,255%,257%,54001,39.14,-79.997,WV
Berkeley County,"Berkeley County, West Virginia",62515,36960,2762,887,2.40%,918,2.50%,31,3.50%,1868000,2106,1868000,2106,1900000,1899000,2141,1899000,2141,32000,1.70%,35,31000,1.70%,35,6536042000,4674534000,177000,126000,192160000,128590000,217000,145000,1.50%,1.50%,1.70%,596,254%,259%,54003,39.448,-78.038,WV
Boone County,"Boone County, West Virginia",40739,5028,3065,2702,53.70%,2711,53.90%,9,0.30%,4571000,1692,4571000,1692,4650000,4650000,1721,4650000,1721,79000,1.70%,29,79000,1.70%,29,588927000,451552000,117000,90000,242957000,189146000,90000,70000,2.40%,2.50%,1.70%,816,107%,111%,54005,38.023,-81.714,WV
Braxton County,"Braxton County, West Virginia",41466,1225,424,382,31.20%,387,31.60%,5,1.30%,634000,1660,634000,1660,668000,668000,1749,668000,1749,34000,5.40%,89,34000,5.40%,89,125866000,89803000,103000,73000,40265000,27847000,105000,73000,2.30%,2.40%,5.40%,552,201%,217%,54007,38.699,-80.732,WV
Brooke County,"Brooke County, West Virginia",51496,8218,1825,1737,21.10%,1740,21.20%,3,0.20%,6320000,3638,6320000,3638,6398000,6398000,3683,6398000,3683,78000,1.20%,45,78000,1.20%,45,698863000,586865000,85000,71000,142287000,121955000,82000,70000,5.20%,5.20%,1.20%,774,370%,376%,54009,40.273,-80.579,WV
Cabell County,"Cabell County, West Virginia",40028,26631,4325,2731,10.30%,2760,10.40%,29,1.10%,2968000,1087,2968000,1087,3094000,3093000,1133,3093000,1133,125000,4.20%,46,125000,4.20%,46,3303115000,2616797000,124000,98000,345868000,259203000,127000,95000,1.10%,1.20%,4.20%,605,80%,87%,54011,38.42,-82.243,WV
Calhoun County,"Calhoun County, West Virginia",38382,162,54,50,30.90%,50,30.90%,0,0.00%,70000,1397,70000,1397,70000,70000,1403,70000,1403,0,0.50%,6,0,0.50%,6,13331000,9400000,82000,58000,4093000,2675000,82000,54000,2.60%,2.60%,0.50%,678,106%,107%,54013,38.844,-81.115,WV
Clay County,"Clay County, West Virginia",35024,2089,1092,981,47.00%,978,46.80%,-3,-0.30%,14178000,14452,14178000,14452,14199000,14199000,14474,14199000,14474,21000,0.20%,22,21000,0.10%,22,867300000,597398000,415000,286000,415087000,290929000,423000,297000,4.90%,4.90%,0.10%,907,1493%,1495%,54015,38.46,-81.082,WV
Doddridge County,"Doddridge County, West Virginia",45545,513,252,226,44.10%,226,44.10%,0,0.00%,531000,2350,531000,2350,543000,543000,2402,543000,2402,12000,2.20%,52,12000,2.20%,52,53588000,38034000,104000,74000,28925000,19413000,128000,86000,2.70%,2.80%,2.20%,583,303%,312%,54017,39.263,-80.701,WV
Fayette County,"Fayette County, West Virginia",41394,8824,1564,1036,11.70%,1052,11.90%,16,1.50%,2616000,2525,2616000,2525,2672000,2671000,2579,2671000,2579,55000,2.10%,53,55000,2.10%,53,884500000,721057000,100000,82000,104713000,87008000,101000,84000,3.00%,3.10%,2.10%,599,322%,331%,54019,38.031,-81.086,WV
Gilmer County,"Gilmer County, West Virginia",42636,1430,889,784,54.80%,792,55.40%,8,1.00%,1310000,1671,1310000,1671,1330000,1330000,1697,1330000,1697,20000,1.50%,25,20000,1.50%,25,122723000,87555000,86000,61000,66020000,46445000,84000,59000,2.80%,2.90%,1.50%,601,178%,182%,54021,38.916,-80.849,WV
Grant County,"Grant County, West Virginia",42216,3682,554,392,10.60%,403,10.90%,11,2.80%,691000,1764,691000,1764,723000,723000,1845,723000,1845,32000,4.60%,81,32000,4.60%,81,465204000,323131000,126000,88000,52805000,33955000,135000,87000,2.00%,2.10%,4.60%,541,226%,241%,54023,39.106,-79.195,WV
Greenbrier County,"Greenbrier County, West Virginia",40200,6210,1290,985,15.90%,989,15.90%,4,0.40%,2248000,2282,2248000,2282,2269000,2269000,2304,2269000,2304,21000,0.90%,21,21000,0.90%,21,833054000,672568000,134000,108000,111855000,88300000,114000,90000,2.50%,2.60%,0.90%,733,211%,214%,54025,37.924,-80.451,WV
Hampshire County,"Hampshire County, West Virginia",47857,7424,771,522,7.00%,525,7.10%,3,0.60%,610000,1168,610000,1168,626000,626000,1198,626000,1198,16000,2.60%,30,16000,2.60%,30,964108000,632436000,130000,85000,79364000,45102000,152000,86000,1.40%,1.40%,2.60%,649,80%,85%,54027,39.312,-78.612,WV
Hancock County,"Hancock County, West Virginia",45763,11491,1335,1029,9.00%,1039,9.00%,10,1.00%,1696000,1648,1696000,1648,1731000,1730000,1682,1730000,1682,35000,2.00%,33,34000,2.00%,33,1006932000,818907000,88000,71000,93191000,76416000,91000,74000,2.20%,2.30%,2.00%,644,156%,161%,54029,40.517,-80.57,WV
Hardy County,"Hardy County, West Virginia",47438,1185,201,137,11.60%,140,11.80%,3,2.20%,167000,1222,167000,1222,176000,176000,1284,176000,1284,8000,5.10%,62,8000,5.00%,62,162033000,114440000,137000,97000,18450000,11982000,135000,87000,1.40%,1.50%,5.00%,528,132%,143%,54031,39.011,-78.842,WV
Harrison County,"Harrison County, West Virginia",53022,17594,2689,2059,11.70%,2072,11.80%,13,0.60%,3387000,1645,3387000,1645,3473000,3473000,1687,3473000,1687,87000,2.60%,42,86000,2.50%,42,2299487000,1713539000,131000,97000,241059000,168031000,117000,82000,2.00%,2.10%,2.50%,700,135%,141%,54033,39.279,-80.386,WV
Jackson County,"Jackson County, West Virginia",47837,152,78,61,40.10%,62,40.80%,1,1.60%,178000,2915,178000,2915,182000,182000,2980,182000,2980,4000,2.20%,64,4000,2.20%,64,20312000,13853000,134000,91000,9250000,6336000,152000,104000,2.80%,2.90%,2.20%,584,399%,410%,54035,38.834,-81.678,WV
Jefferson County,"Jefferson County, West Virginia",80430,18604,1336,484,2.60%,492,2.60%,8,1.70%,1880000,3884,1880000,3884,1889000,1889000,3903,1889000,3903,10000,0.50%,20,10000,0.50%,20,4222047000,2918505000,227000,157000,132082000,78721000,273000,163000,2.40%,2.40%,0.50%,792,390%,393%,54037,39.307,-77.863,WV
Kanawha County,"Kanawha County, West Virginia",46639,59439,29003,27443,46.20%,27469,46.20%,26,0.10%,76611000,2792,76611000,2792,77858000,77857000,2837,77857000,2837,1247000,1.60%,45,1246000,1.60%,45,7910034000,5860822000,133000,99000,3059384000,2232032000,111000,81000,3.40%,3.50%,1.60%,649,330%,337%,54039,38.328,-81.524,WV
Lewis County,"Lewis County, West Virginia",39908,3825,1503,1221,31.90%,1224,32.00%,3,0.20%,2059000,1687,2059000,1687,2103000,2103000,1723,2103000,1723,44000,2.10%,36,44000,2.10%,36,403774000,259688000,106000,68000,141665000,88818000,116000,73000,2.30%,2.40%,2.10%,589,186%,192%,54041,38.989,-80.495,WV
Lincoln County,"Lincoln County, West Virginia",42345,1814,993,880,48.50%,873,48.10%,-7,-0.80%,1411000,1604,1411000,1604,1446000,1446000,1643,1446000,1643,35000,2.50%,40,35000,2.50%,40,188745000,114907000,104000,63000,90026000,53794000,102000,61000,2.60%,2.70%,2.50%,687,133%,139%,54043,38.172,-82.078,WV
Logan County,"Logan County, West Virginia",36168,1137,707,611,53.70%,614,54.00%,3,0.50%,1314000,2151,1314000,2151,1346000,1346000,2203,1346000,2203,31000,2.40%,52,31000,2.40%,52,104563000,78528000,92000,69000,58015000,43498000,95000,71000,3.00%,3.10%,2.40%,612,251%,260%,54045,37.831,-81.941,WV
Marion County,"Marion County, West Virginia",50305,16722,3024,2351,14.10%,2360,14.10%,9,0.40%,7075000,3009,7075000,3009,7457000,7457000,3172,7457000,3172,382000,5.40%,162,382000,5.40%,162,1998852000,1400569000,120000,84000,301888000,205185000,128000,87000,3.40%,3.60%,5.40%,637,373%,398%,54049,39.506,-80.243,WV
Marshall County,"Marshall County, West Virginia",48557,8817,2540,2444,27.70%,2448,27.80%,4,0.20%,3173000,1298,3173000,1298,3233000,3233000,1323,3233000,1323,60000,1.90%,25,60000,1.90%,25,826502000,615527000,94000,70000,247932000,184265000,101000,75000,1.70%,1.80%,1.90%,635,105%,108%,54051,39.854,-80.672,WV
Mason County,"Mason County, West Virginia",46078,7780,1708,1337,17.20%,1349,17.30%,12,0.90%,1455000,1089,1455000,1089,1521000,1521000,1137,1521000,1137,65000,4.50%,49,65000,4.50%,49,595722000,432241000,77000,56000,140242000,95946000,105000,72000,1.50%,1.60%,4.50%,614,77%,85%,54053,38.771,-82.029,WV
McDowell County,"McDowell County, West Virginia",27682,689,432,420,61.00%,416,60.40%,-4,-1.00%,933000,2221,933000,2221,959000,959000,2284,959000,2284,26000,2.80%,63,26000,2.80%,63,39526000,36029000,57000,52000,24014000,21943000,57000,52000,4.30%,4.40%,2.80%,858,159%,166%,54047,37.383,-81.658,WV
Mercer County,"Mercer County, West Virginia",40784,11700,2084,1337,11.40%,1364,11.70%,27,2.00%,1311000,981,1311000,981,1422000,1422000,1063,1422000,1063,111000,8.40%,83,110000,8.40%,83,929896000,700079000,79000,60000,123476000,91582000,92000,68000,1.40%,1.60%,8.40%,625,57%,70%,54055,37.403,-81.106,WV
Mineral County,"Mineral County, West Virginia",49936,6890,1269,835,12.10%,852,12.40%,17,2.00%,591000,708,591000,708,648000,648000,776,648000,776,57000,9.70%,68,57000,9.60%,68,823510000,635548000,120000,92000,91364000,69019000,109000,83000,0.90%,0.90%,9.60%,726,-3%,7%,54057,39.405,-78.957,WV
Mingo County,"Mingo County, West Virginia",32764,1416,684,605,42.70%,608,42.90%,3,0.50%,1014000,1675,1014000,1675,1070000,1070000,1768,1070000,1768,56000,5.60%,93,56000,5.60%,93,112274000,80001000,79000,56000,47504000,33774000,79000,56000,3.00%,3.20%,5.60%,595,182%,197%,54059,37.721,-82.159,WV
Monongalia County,"Monongalia County, West Virginia",52455,26288,2804,2015,7.70%,2025,7.70%,10,0.50%,7553000,3749,7532000,3738,7605000,7605000,3774,7584000,3764,52000,0.70%,26,52000,0.70%,26,5489200000,4021257000,209000,153000,357438000,255335000,177000,127000,3.00%,3.00%,0.70%,596,527%,532%,54061,39.634,-80.059,WV
Monroe County,"Monroe County, West Virginia",38540,560,77,43,7.70%,44,7.90%,1,2.30%,53000,1230,53000,1230,57000,57000,1316,57000,1316,4000,7.00%,86,4000,7.00%,86,64211000,45979000,115000,82000,5649000,3612000,131000,84000,1.50%,1.60%,7.00%,601,105%,119%,54063,37.554,-80.55,WV
Morgan County,"Morgan County, West Virginia",51745,3126,218,157,5.00%,158,5.10%,1,0.60%,357000,2274,357000,2274,372000,371000,2366,371000,2366,14000,4.00%,92,14000,4.00%,92,477761000,361337000,153000,116000,27741000,19652000,177000,125000,1.80%,1.90%,4.00%,674,238%,251%,54065,39.555,-78.257,WV
Nicholas County,"Nicholas County, West Virginia",40086,2988,585,381,12.80%,385,12.90%,4,1.00%,385000,1010,385000,1010,412000,412000,1080,412000,1080,27000,7.00%,70,27000,6.90%,70,300269000,237625000,100000,80000,32004000,23776000,84000,62000,1.60%,1.70%,6.90%,746,35%,45%,54067,38.291,-80.798,WV
Ohio County,"Ohio County, West Virginia",50584,13303,4960,4626,34.80%,4636,34.80%,10,0.20%,7905000,1709,7905000,1709,8031000,8031000,1736,8031000,1736,127000,1.60%,27,126000,1.60%,27,1657937000,1259138000,125000,95000,456634000,341280000,99000,74000,2.30%,2.40%,1.60%,873,96%,99%,54069,40.099,-80.621,WV
Pendleton County,"Pendleton County, West Virginia",42312,226,78,59,26.10%,61,27.00%,2,3.40%,172000,2916,172000,2916,182000,182000,3089,182000,3089,10000,6.00%,173,10000,5.90%,173,31830000,24554000,141000,109000,8689000,6346000,147000,108000,2.70%,2.90%,5.90%,532,448%,480%,54071,38.674,-79.341,WV
Pleasants County,"Pleasants County, West Virginia",56838,2529,800,713,28.20%,722,28.50%,9,1.30%,1695000,2378,1695000,2378,1728000,1728000,2423,1728000,2423,33000,1.90%,46,33000,1.90%,46,303524000,239584000,120000,95000,95180000,72925000,133000,102000,2.30%,2.40%,1.90%,607,292%,299%,54073,39.368,-81.161,WV
Pocahontas County,"Pocahontas County, West Virginia",41882,2485,730,517,20.80%,519,20.90%,2,0.40%,455000,880,455000,880,479000,479000,926,479000,926,24000,5.30%,47,24000,5.30%,47,193329000,133834000,78000,54000,32024000,22286000,62000,43000,2.00%,2.10%,5.30%,733,20%,26%,54075,38.333,-80.01,WV
Preston County,"Preston County, West Virginia",51888,9835,1298,871,8.90%,875,8.90%,4,0.50%,1031000,1183,1031000,1183,1076000,1075000,1235,1075000,1235,45000,4.40%,51,45000,4.30%,51,1545016000,1134991000,157000,115000,106548000,73926000,122000,85000,1.40%,1.50%,4.30%,646,83%,91%,54077,39.469,-79.669,WV
Putnam County,"Putnam County, West Virginia",60097,14324,3158,2417,16.90%,2433,17.00%,16,0.70%,9027000,3735,9027000,3735,9211000,9210000,3811,9210000,3811,184000,2.00%,76,183000,2.00%,76,2741373000,2092811000,191000,146000,450205000,336722000,186000,139000,2.70%,2.70%,2.00%,614,509%,521%,54079,38.511,-81.906,WV
Raleigh County,"Raleigh County, West Virginia",43748,20962,2780,1712,8.20%,1749,8.30%,37,2.20%,2455000,1434,2455000,1434,2531000,2531000,1478,2531000,1478,77000,3.10%,45,76000,3.10%,45,2698150000,2133273000,129000,102000,159163000,119308000,93000,70000,2.10%,2.10%,3.10%,708,103%,109%,54081,37.762,-81.265,WV
Randolph County,"Randolph County, West Virginia",43320,3958,862,533,13.50%,545,13.80%,12,2.30%,841000,1577,841000,1577,860000,860000,1614,860000,1614,20000,2.30%,36,19000,2.30%,36,477909000,371060000,121000,94000,69518000,51545000,130000,97000,1.60%,1.70%,2.30%,651,142%,148%,54083,38.781,-79.868,WV
Ritchie County,"Ritchie County, West Virginia",43577,1207,305,233,19.30%,238,19.70%,5,2.10%,394000,1689,394000,1689,416000,416000,1784,416000,1784,22000,5.60%,95,22000,5.60%,95,118815000,89842000,98000,74000,26397000,18078000,113000,78000,2.20%,2.30%,5.60%,555,204%,221%,54085,39.177,-81.066,WV
Roane County,"Roane County, West Virginia",37373,4384,1734,1499,34.20%,1507,34.40%,8,0.50%,3941000,2629,3941000,2629,4026000,4026000,2686,4026000,2686,85000,2.10%,56,84000,2.10%,56,340625000,238508000,78000,54000,176312000,121994000,118000,81000,3.20%,3.30%,2.10%,599,339%,349%,54087,38.743,-81.355,WV
Summers County,"Summers County, West Virginia",38187,1346,277,239,17.80%,239,17.80%,0,0.00%,637000,2664,637000,2664,712000,712000,2978,712000,2978,75000,11.80%,315,75000,11.80%,315,116701000,93624000,87000,70000,30431000,24075000,127000,101000,2.60%,3.00%,11.80%,547,387%,444%,54089,37.656,-80.856,WV
Taylor County,"Taylor County, West Virginia",48578,5712,870,581,10.20%,584,10.20%,3,0.50%,1023000,1761,1023000,1761,1086000,1086000,1869,1086000,1869,63000,6.20%,108,62000,6.10%,108,716329000,536088000,125000,94000,69334000,48808000,119000,84000,2.10%,2.20%,6.10%,609,189%,207%,54091,39.332,-80.047,WV
Tucker County,"Tucker County, West Virginia",49118,1082,266,236,21.80%,239,22.10%,3,1.30%,224000,948,224000,948,230000,230000,973,230000,973,6000,2.70%,25,6000,2.70%,25,115684000,90522000,107000,84000,20453000,16521000,87000,70000,1.40%,1.40%,2.70%,771,23%,26%,54093,39.111,-79.56,WV
Tyler County,"Tyler County, West Virginia",43087,1397,485,434,31.10%,437,31.30%,3,0.70%,400000,921,400000,921,407000,407000,938,407000,938,7000,1.80%,17,7000,1.80%,17,118658000,90156000,85000,65000,38311000,30418000,88000,70000,1.30%,1.30%,1.80%,642,43%,46%,54095,39.466,-80.877,WV
Upshur County,"Upshur County, West Virginia",40322,7967,1990,1374,17.20%,1383,17.40%,9,0.70%,1861000,1354,1861000,1354,1902000,1901000,1384,1901000,1384,41000,2.20%,29,40000,2.20%,29,1037653000,765548000,130000,96000,154795000,113894000,113000,83000,1.60%,1.70%,2.20%,667,103%,108%,54097,38.903,-80.232,WV
Wayne County,"Wayne County, West Virginia",37988,8790,3048,2376,27.00%,2385,27.10%,9,0.40%,3263000,1373,3263000,1373,3367000,3366000,1417,3366000,1417,104000,3.20%,44,104000,3.20%,44,893458000,692984000,102000,79000,255357000,195322000,107000,82000,1.70%,1.70%,3.20%,618,122%,129%,54099,38.144,-82.423,WV
Webster County,"Webster County, West Virginia",34927,1414,596,508,35.90%,511,36.10%,3,0.60%,663000,1304,663000,1304,667000,667000,1314,667000,1314,5000,0.70%,9,5000,0.70%,9,108843000,85736000,77000,61000,38747000,30404000,76000,60000,2.20%,2.20%,0.70%,807,62%,63%,54101,38.483,-80.449,WV
Wetzel County,"Wetzel County, West Virginia",43107,3185,1405,1339,42.00%,1341,42.10%,2,0.10%,4869000,3636,4869000,3636,4935000,4935000,3685,4935000,3685,66000,1.30%,49,66000,1.30%,49,352905000,278173000,111000,87000,150517000,119423000,112000,89000,4.10%,4.10%,1.30%,820,344%,349%,54103,39.601,-80.628,WV
Wirt County,"Wirt County, West Virginia",46048,398,123,111,27.90%,110,27.60%,-1,-0.90%,156000,1403,156000,1403,156000,156000,1407,156000,1407,0,0.20%,3,0,0.20%,3,39273000,25653000,99000,64000,11566000,7319000,104000,66000,2.10%,2.10%,0.20%,626,124%,125%,54105,39.02,-81.383,WV
Wood County,"Wood County, West Virginia",47321,30941,6619,5907,19.10%,5913,19.10%,6,0.10%,10675000,1807,10675000,1807,11010000,11009000,1864,11009000,1864,335000,3.10%,57,335000,3.10%,57,3813728000,2931827000,123000,95000,791950000,598241000,134000,101000,1.80%,1.80%,3.10%,601,201%,210%,54107,39.212,-81.516,WV
Wyoming County,"Wyoming County, West Virginia",42332,1034,667,608,58.80%,613,59.30%,5,0.80%,1252000,2059,1252000,2059,1278000,1278000,2102,1278000,2102,27000,2.10%,44,26000,2.10%,44,74238000,62964000,72000,61000,41596000,35542000,68000,58000,3.50%,3.60%,2.10%,606,240%,247%,54109,37.604,-81.549,WV